"1","olympe33","Gamaliel"
"3","isaiah","Sayre"
"2","beppie23","Rienzi"
"4","benefits87","Haynesville"
"5","zain345","Philomath"
"6","emanuel785","Carrboro"
"7","avri56l","Lonetree"
"8","saswata08uy","Pottstown"
"9","howie23254","Pitcher"
"10","armando856","Olancha"
"11","hanni23","Essexfells"
"12","nurettin3","Saugatuck"
"13","samia3","Horsham"
"14","meridith24562","Loudon"
"15","zendaya98","Hilltown"
"16","ruthann9746434","Mojave"
"17","batsheva124","Arco"
"18","nisha155","Canisteo"
"19","kelsi45","Kittrell"
"20","clemente23","Cubero"
"21","phuong654","Leggett"
"22","theadora3465","Quakertown"
"23","abraham76","Perronville"
"24","legra54","Satsuma"
"25","calhoun457","Rancocas"
"26","deena3476","Groveland"
"27","noyes3548","Haworth"
"28","lebbie3456","Statham"
"29","daveta3745","Kanaranzi"
"30","isaiah","Sayre"
